-- --------------------------------------------------------

--
-- Table structure for table `crrd_business_categories`
--

CREATE TABLE IF NOT EXISTS `crrd_business_categories` (
  `business_id` int(11) NOT NULL,
  `cat_id` int(11) NOT NULL
) ENGINE=InnoDB DEFAULT CHARSET=latin1;

--
-- Dumping data for table `crrd_business_categories`
--

INSERT INTO `crrd_business_categories` (`business_id`, `cat_id`) VALUES
(3, 1),
(3, 2),
(6, 1),
(6, 4),
(7, 1),
(7, 2),
(7, 28),
(8, 1),
(8, 27),
(9, 1),
(9, 28),
(10, 1),
(10, 28),
(11, 1),
(11, 3),
(11, 27),
(11, 28),
(11, 29),
(12, 1),
(12, 29),
(13, 1),
(13, 29),
(14, 1),
(14, 30),
(15, 1),
(15, 30),
(15, 33),
(16, 1),
(16, 34),
(17, 1),
(17, 34),
(18, 1),
(18, 29),
(18, 35),
(19, 10),
(19, 13),
(19, 39),
(19, 41),
(19, 42),
(19, 45),
(19, 46),
(19, 50),
(19, 89),
(19, 92),
(19, 94),
(19, 96),
(19, 97),
(19, 98),
(19, 101),
(19, 102),
(19, 103),
(19, 105),
(19, 107),
(19, 108),
(19, 165),
(19, 168),
(20, 10),
(20, 12),
(20, 13),
(20, 14),
(20, 37),
(20, 45),
(20, 49),
(20, 51),
(20, 73),
(20, 122),
(20, 127),
(20, 128),
(20, 129),
(20, 131),
(20, 132),
(20, 135),
(20, 145),
(20, 165),
(20, 168),
(20, 185),
(20, 198),
(20, 210),
(20, 214),
(20, 217),
(20, 218),
(20, 219),
(20, 221),
(21, 10),
(21, 41),
(21, 42),
(21, 45),
(21, 46),
(21, 50),
(22, 12),
(22, 58),
(22, 65),
(22, 73),
(22, 214),
(22, 217),
(23, 10),
(23, 37),
(23, 165),
(23, 167),
(23, 168),
(23, 169),
(23, 170),
(23, 171),
(23, 172),
(23, 173),
(23, 175),
(23, 177),
(23, 179),
(24, 10),
(24, 37),
(24, 122),
(24, 127),
(25, 10),
(25, 12),
(25, 37),
(25, 45),
(25, 58),
(25, 62),
(25, 73),
(25, 122),
(25, 129),
(25, 135),
(25, 145),
(25, 146),
(25, 147),
(25, 148),
(25, 149),
(25, 150),
(25, 151),
(25, 156),
(25, 158),
(25, 164),
(25, 198),
(25, 214),
(25, 217),
(26, 10),
(26, 13),
(26, 14),
(26, 37),
(26, 39),
(26, 41),
(26, 42),
(26, 46),
(26, 50),
(26, 76),
(26, 77),
(26, 78),
(26, 79),
(26, 80),
(26, 81),
(26, 82),
(26, 122),
(26, 124),
(26, 125),
(26, 126),
(26, 127),
(26, 128),
(26, 129),
(26, 131),
(26, 132),
(26, 136),
(26, 142),
(26, 143),
(26, 144),
(26, 180),
(26, 181),
(26, 182),
(26, 183),
(26, 184),
(27, 113),
(27, 114),
(27, 115),
(27, 116),
(27, 117),
(27, 118),
(27, 119),
(27, 120),
(27, 121),
(28, 10),
(28, 12),
(28, 37),
(28, 58),
(28, 62),
(28, 64),
(28, 73),
(28, 122),
(28, 127),
(28, 129),
(28, 135),
(28, 145),
(28, 146),
(28, 147),
(28, 149),
(28, 150),
(28, 151),
(28, 156),
(28, 158),
(28, 162),
(28, 164),
(28, 198),
(29, 10),
(29, 12),
(29, 14),
(29, 45),
(29, 49),
(29, 58),
(29, 64),
(29, 73),
(29, 76),
(29, 77),
(29, 78),
(29, 79),
(29, 80),
(29, 81),
(29, 82),
(29, 89),
(29, 91),
(29, 92),
(29, 94),
(29, 96),
(29, 97),
(29, 98),
(29, 101),
(29, 102),
(29, 103),
(29, 107),
(29, 108),
(29, 112),
(29, 113),
(29, 114),
(29, 115),
(29, 116),
(29, 117),
(29, 118),
(29, 119),
(29, 120),
(29, 121),
(29, 122),
(29, 126),
(29, 127),
(29, 129),
(29, 130),
(29, 131),
(29, 132),
(29, 135),
(29, 136),
(29, 142),
(29, 143),
(29, 144),
(29, 145),
(29, 146),
(29, 147),
(29, 149),
(29, 150),
(29, 151),
(29, 156),
(29, 158),
(29, 162),
(29, 163),
(29, 164),
(29, 165),
(29, 167),
(29, 168),
(29, 169),
(29, 171),
(29, 175),
(29, 177),
(29, 179),
(29, 198),
(30, 51),
(30, 52),
(30, 53),
(30, 54),
(30, 55),
(30, 56),
(30, 57),
(30, 89),
(30, 92),
(30, 94),
(30, 95),
(30, 96),
(30, 98),
(30, 101),
(30, 102),
(30, 103),
(30, 107),
(30, 112),
(30, 165),
(30, 167),
(30, 168),
(30, 169),
(30, 171),
(30, 175),
(30, 177),
(30, 179),
(30, 180),
(30, 182),
(30, 185),
(30, 186),
(30, 187),
(30, 188),
(30, 189),
(30, 190),
(30, 191),
(30, 192),
(30, 193),
(30, 194),
(30, 195),
(30, 196),
(30, 197),
(30, 203),
(30, 214),
(30, 219),
(31, 10),
(31, 12),
(31, 13),
(31, 49),
(31, 51),
(31, 52),
(31, 53),
(31, 54),
(31, 55),
(31, 56),
(31, 57),
(31, 58),
(31, 73),
(31, 180),
(31, 182),
(31, 183),
(31, 184),
(32, 145),
(32, 146),
(32, 147),
(32, 149),
(32, 150),
(32, 151),
(32, 154),
(32, 156),
(32, 158),
(32, 164),
(33, 12),
(33, 58),
(33, 73),
(33, 122),
(33, 128),
(33, 165),
(33, 168),
(33, 198),
(33, 199),
(33, 200),
(33, 201),
(33, 202),
(33, 205),
(33, 207),
(33, 208),
(33, 209),
(34, 10),
(34, 13),
(34, 14),
(34, 39),
(34, 41),
(34, 42),
(34, 45),
(34, 46),
(34, 49),
(34, 50),
(34, 76),
(34, 77),
(34, 78),
(34, 79),
(34, 80),
(34, 81),
(34, 82),
(35, 12),
(35, 60),
(35, 61),
(35, 63),
(35, 64),
(35, 67),
(35, 68),
(35, 69),
(35, 71),
(35, 72),
(35, 74),
(35, 75),
(35, 113),
(35, 114),
(35, 115),
(35, 116),
(35, 117),
(35, 118),
(35, 119),
(35, 214),
(35, 218),
(35, 220),
(36, 165),
(36, 168),
(36, 210),
(36, 211),
(36, 212),
(36, 213),
(37, 10),
(37, 44),
(37, 122),
(37, 128),
(37, 180),
(37, 183),
(37, 185),
(37, 190),
(37, 198),
(37, 206),
(37, 214),
(37, 215),
(37, 218),
(37, 220),
(38, 10),
(38, 13),
(38, 39),
(38, 41),
(38, 42),
(38, 45),
(38, 46),
(38, 49),
(38, 50),
(39, 10),
(39, 13),
(39, 14),
(39, 39),
(39, 41),
(39, 42),
(39, 44),
(39, 46),
(39, 49),
(39, 50),
(39, 51),
(39, 52),
(39, 53),
(39, 54),
(39, 55),
(39, 56),
(39, 57),
(39, 76),
(39, 77),
(39, 78),
(39, 79),
(39, 80),
(39, 81),
(39, 82),
(39, 83),
(39, 84),
(39, 85),
(39, 86),
(39, 87),
(39, 88),
(39, 122),
(39, 123),
(39, 124),
(39, 126),
(39, 128),
(39, 129),
(39, 131),
(39, 132),
(39, 135),
(39, 136),
(39, 137),
(39, 140),
(39, 142),
(39, 143),
(39, 144),
(40, 10),
(40, 12),
(40, 13),
(40, 14),
(40, 36),
(40, 37),
(40, 38),
(40, 39),
(40, 40),
(40, 41),
(40, 42),
(40, 43),
(40, 44),
(40, 45),
(40, 46),
(40, 47),
(40, 48),
(40, 49),
(40, 50),
(40, 51),
(40, 52),
(40, 53),
(40, 54),
(40, 55),
(40, 56),
(40, 57),
(40, 58),
(40, 59),
(40, 60),
(40, 61),
(40, 62),
(40, 63),
(40, 64),
(40, 65),
(40, 66),
(40, 67),
(40, 68),
(40, 69),
(40, 70),
(40, 71),
(40, 72),
(40, 73),
(40, 74),
(40, 75),
(40, 76),
(40, 77),
(40, 78),
(40, 79),
(40, 80),
(40, 81),
(40, 82),
(40, 83),
(40, 84),
(40, 85),
(40, 86),
(40, 87),
(40, 88),
(40, 89),
(40, 92),
(40, 94),
(40, 95),
(40, 97),
(40, 98),
(40, 100),
(40, 101),
(40, 102),
(40, 103),
(40, 108),
(40, 122),
(40, 123),
(40, 124),
(40, 125),
(40, 126),
(40, 127),
(40, 128),
(40, 129),
(40, 130),
(40, 131),
(40, 132),
(40, 133),
(40, 134),
(40, 135),
(40, 136),
(40, 137),
(40, 138),
(40, 139),
(40, 140),
(40, 141),
(40, 142),
(40, 143),
(40, 144),
(40, 145),
(40, 146),
(40, 147),
(40, 148),
(40, 149),
(40, 150),
(40, 151),
(40, 152),
(40, 153),
(40, 154),
(40, 155),
(40, 156),
(40, 157),
(40, 158),
(40, 159),
(40, 160),
(40, 161),
(40, 162),
(40, 163),
(40, 164),
(40, 165),
(40, 168),
(40, 185),
(40, 186),
(40, 187),
(40, 188),
(40, 189),
(40, 190),
(40, 191),
(40, 192),
(40, 193),
(40, 194),
(40, 195),
(40, 196),
(40, 197),
(40, 198),
(40, 199),
(40, 200),
(40, 201),
(40, 202),
(40, 203),
(40, 204),
(40, 205),
(40, 206),
(40, 207),
(40, 208),
(40, 209),
(40, 214),
(40, 217),
(40, 221),
(41, 10),
(41, 13),
(41, 37),
(41, 39),
(41, 41),
(41, 42),
(41, 44),
(41, 45),
(41, 49),
(41, 50),
(41, 51),
(41, 52),
(41, 53),
(41, 54),
(41, 55),
(41, 56),
(41, 57),
(41, 113),
(41, 114),
(41, 115),
(41, 116),
(41, 117),
(41, 118),
(41, 119),
(41, 120),
(41, 121),
(41, 122),
(41, 123),
(41, 124),
(41, 126),
(41, 127),
(41, 128),
(41, 129),
(41, 131),
(41, 132),
(41, 135),
(41, 136),
(41, 137),
(41, 142),
(41, 143),
(41, 144),
(41, 145),
(41, 146),
(41, 147),
(41, 149),
(41, 150),
(41, 151),
(41, 154),
(41, 156),
(41, 158),
(41, 164),
(41, 165),
(41, 167),
(41, 168),
(41, 169),
(41, 171),
(41, 175),
(41, 177),
(41, 179),
(41, 185),
(41, 186),
(41, 187),
(41, 188),
(41, 189),
(41, 191),
(41, 192),
(41, 193),
(41, 194),
(41, 195),
(41, 196),
(41, 197),
(41, 198),
(41, 199),
(41, 200),
(41, 201),
(41, 202),
(41, 203),
(41, 204),
(41, 205),
(41, 206),
(41, 207),
(41, 208),
(41, 209),
(41, 214),
(41, 217),
(41, 219),
(41, 221),
(41, 222),
(42, 10),
(42, 13),
(42, 14),
(42, 37),
(42, 38),
(42, 39),
(42, 40),
(42, 41),
(42, 42),
(42, 43),
(42, 44),
(42, 45),
(42, 46),
(42, 48),
(42, 49),
(42, 50),
(42, 76),
(42, 77),
(42, 78),
(42, 79),
(42, 80),
(42, 81),
(42, 83),
(42, 84),
(42, 85),
(42, 86),
(42, 87),
(42, 88),
(42, 122),
(42, 123),
(42, 124),
(42, 125),
(42, 126),
(42, 127),
(42, 128),
(42, 129),
(42, 130),
(42, 131),
(42, 132),
(42, 133),
(42, 134),
(42, 135),
(42, 136),
(42, 137),
(42, 138),
(42, 139),
(42, 140),
(42, 141),
(42, 142),
(42, 143),
(42, 144),
(42, 145),
(42, 146),
(42, 149),
(42, 150),
(42, 151),
(42, 154),
(42, 158),
(42, 163),
(42, 164),
(42, 165),
(42, 167),
(42, 168),
(42, 169),
(42, 170),
(42, 171),
(42, 172),
(42, 175),
(42, 176),
(42, 177),
(42, 179),
(42, 198),
(42, 199),
(42, 200),
(42, 201),
(42, 202),
(42, 204),
(42, 205),
(42, 206),
(42, 207),
(42, 208),
(42, 209),
(42, 214),
(42, 218),
(43, 122),
(43, 126),
(43, 131),
(43, 132),
(44, 145),
(44, 146),
(44, 147),
(44, 149),
(44, 150),
(44, 151),
(44, 154),
(44, 156),
(44, 158),
(44, 162),
(44, 164),
(44, 214),
(44, 219),
(45, 10),
(45, 12),
(45, 13),
(45, 14),
(45, 37),
(45, 38),
(45, 39),
(45, 40),
(45, 41),
(45, 42),
(45, 43),
(45, 44),
(45, 45),
(45, 46),
(45, 49),
(45, 50),
(45, 51),
(45, 52),
(45, 53),
(45, 54),
(45, 55),
(45, 56),
(45, 57),
(45, 58),
(45, 59),
(45, 62),
(45, 63),
(45, 64),
(45, 65),
(45, 69),
(45, 73),
(45, 75),
(45, 76),
(45, 77),
(45, 78),
(45, 79),
(45, 80),
(45, 81),
(45, 82),
(45, 113),
(45, 114),
(45, 115),
(45, 116),
(45, 117),
(45, 118),
(45, 119),
(45, 120),
(45, 121),
(45, 122),
(45, 123),
(45, 124),
(45, 126),
(45, 127),
(45, 128),
(45, 129),
(45, 131),
(45, 132),
(45, 135),
(45, 136),
(45, 141),
(45, 142),
(45, 144),
(45, 145),
(45, 146),
(45, 147),
(45, 149),
(45, 150),
(45, 151),
(45, 154),
(45, 156),
(45, 158),
(45, 162),
(45, 164),
(45, 165),
(45, 167),
(45, 168),
(45, 169),
(45, 171),
(45, 175),
(45, 177),
(45, 178),
(45, 179),
(45, 185),
(45, 186),
(45, 187),
(45, 188),
(45, 189),
(45, 190),
(45, 191),
(45, 192),
(45, 193),
(45, 194),
(45, 195),
(45, 196),
(45, 197),
(45, 198),
(45, 199),
(45, 200),
(45, 202),
(45, 203),
(45, 207),
(45, 208),
(45, 209),
(45, 214),
(45, 217),
(45, 218),
(46, 165),
(46, 168),
(47, 10),
(47, 13),
(47, 36),
(47, 37),
(47, 38),
(47, 39),
(47, 40),
(47, 41),
(47, 42),
(47, 43),
(47, 44),
(47, 45),
(47, 46),
(47, 47),
(47, 48),
(47, 49),
(47, 50),
(47, 51),
(47, 52),
(47, 53),
(47, 54),
(47, 55),
(47, 56),
(47, 57),
(47, 113),
(47, 114),
(47, 115),
(47, 116),
(47, 117),
(47, 118),
(47, 119),
(47, 120),
(47, 121),
(47, 122),
(47, 123),
(47, 124),
(47, 125),
(47, 126),
(47, 127),
(47, 128),
(47, 129),
(47, 130),
(47, 131),
(47, 132),
(47, 133),
(47, 134),
(47, 135),
(47, 136),
(47, 137),
(47, 138),
(47, 139),
(47, 140),
(47, 141),
(47, 142),
(47, 143),
(47, 144),
(47, 165),
(47, 166),
(47, 167),
(47, 168),
(47, 169),
(47, 170),
(47, 171),
(47, 172),
(47, 173),
(47, 174),
(47, 175),
(47, 176),
(47, 177),
(47, 178),
(47, 179),
(47, 198),
(47, 199),
(47, 200),
(47, 201),
(47, 202),
(47, 204),
(47, 205),
(47, 206),
(47, 207),
(47, 208),
(47, 209),
(48, 10),
(48, 12),
(48, 13),
(48, 51),
(48, 52),
(48, 53),
(48, 54),
(48, 55),
(48, 56),
(48, 57),
(48, 73),
(48, 89),
(48, 90),
(48, 92),
(48, 94),
(48, 96),
(48, 97),
(48, 98),
(48, 99),
(48, 101),
(48, 102),
(48, 103),
(48, 107),
(48, 108),
(48, 112),
(48, 145),
(48, 146),
(48, 147),
(48, 150),
(48, 151),
(48, 154),
(48, 156),
(48, 158),
(48, 162),
(48, 163),
(48, 164),
(48, 165),
(48, 167),
(48, 168),
(48, 169),
(48, 171),
(48, 175),
(48, 177),
(48, 179),
(48, 180),
(48, 182),
(48, 198),
(48, 199),
(48, 200),
(48, 201),
(48, 202),
(48, 205),
(48, 206),
(48, 207),
(48, 208),
(48, 209),
(49, 10),
(49, 49),
(49, 180),
(49, 184),
(49, 214),
(49, 216),
(50, 185),
(50, 190),
(51, 10),
(51, 12),
(51, 14),
(51, 37),
(51, 39),
(51, 46),
(51, 49),
(51, 50),
(51, 51),
(51, 52),
(51, 53),
(51, 54),
(51, 55),
(51, 56),
(51, 57),
(51, 64),
(51, 76),
(51, 77),
(51, 78),
(51, 79),
(51, 80),
(51, 81),
(51, 82),
(51, 83),
(51, 84),
(51, 85),
(51, 86),
(51, 87),
(51, 88),
(51, 89),
(51, 90),
(51, 92),
(51, 94),
(51, 96),
(51, 97),
(51, 98),
(51, 99),
(51, 101),
(51, 102),
(51, 103),
(51, 107),
(51, 112),
(51, 145),
(51, 146),
(51, 147),
(51, 149),
(51, 150),
(51, 151),
(51, 154),
(51, 156),
(51, 158),
(51, 162),
(51, 164),
(51, 165),
(51, 167),
(51, 168),
(51, 169),
(51, 171),
(51, 175),
(51, 177),
(51, 179),
(51, 185),
(51, 186),
(51, 187),
(51, 188),
(51, 189),
(51, 190),
(51, 191),
(51, 192),
(51, 193),
(51, 194),
(51, 195),
(51, 196),
(51, 197),
(51, 198),
(51, 199),
(51, 200),
(51, 201),
(51, 202),
(51, 203),
(51, 205),
(51, 206),
(51, 207),
(51, 208),
(51, 209),
(51, 214),
(51, 216),
(51, 217),
(51, 221),
(52, 10),
(52, 13),
(52, 44),
(52, 122),
(52, 126),
(52, 128),
(52, 180),
(52, 184),
(53, 10),
(53, 12),
(53, 13),
(53, 14),
(53, 36),
(53, 37),
(53, 38),
(53, 39),
(53, 40),
(53, 41),
(53, 42),
(53, 43),
(53, 44),
(53, 45),
(53, 46),
(53, 47),
(53, 48),
(53, 49),
(53, 50),
(53, 51),
(53, 52),
(53, 53),
(53, 54),
(53, 55),
(53, 56),
(53, 57),
(53, 58),
(53, 59),
(53, 60),
(53, 61),
(53, 62),
(53, 63),
(53, 64),
(53, 65),
(53, 66),
(53, 67),
(53, 68),
(53, 69),
(53, 70),
(53, 71),
(53, 72),
(53, 73),
(53, 74),
(53, 75),
(53, 76),
(53, 77),
(53, 78),
(53, 79),
(53, 80),
(53, 81),
(53, 82),
(53, 83),
(53, 84),
(53, 85),
(53, 86),
(53, 87),
(53, 88),
(53, 89),
(53, 90),
(53, 91),
(53, 92),
(53, 93),
(53, 94),
(53, 95),
(53, 96),
(53, 97),
(53, 98),
(53, 99),
(53, 100),
(53, 101),
(53, 102),
(53, 103),
(53, 104),
(53, 105),
(53, 106),
(53, 107),
(53, 108),
(53, 109),
(53, 110),
(53, 111),
(53, 112),
(53, 113),
(53, 114),
(53, 115),
(53, 116),
(53, 117),
(53, 118),
(53, 119),
(53, 120),
(53, 121),
(53, 122),
(53, 123),
(53, 124),
(53, 125),
(53, 126),
(53, 127),
(53, 128),
(53, 129),
(53, 130),
(53, 131),
(53, 132),
(53, 133),
(53, 134),
(53, 135),
(53, 136),
(53, 137),
(53, 138),
(53, 139),
(53, 140),
(53, 141),
(53, 142),
(53, 143),
(53, 144),
(53, 145),
(53, 146),
(53, 147),
(53, 148),
(53, 149),
(53, 150),
(53, 151),
(53, 152),
(53, 153),
(53, 154),
(53, 155),
(53, 156),
(53, 157),
(53, 158),
(53, 159),
(53, 160),
(53, 161),
(53, 162),
(53, 163),
(53, 164),
(53, 165),
(53, 166),
(53, 167),
(53, 168),
(53, 169),
(53, 170),
(53, 171),
(53, 172),
(53, 173),
(53, 174),
(53, 175),
(53, 176),
(53, 177),
(53, 178),
(53, 179),
(53, 180),
(53, 181),
(53, 182),
(53, 183),
(53, 184),
(53, 185),
(53, 186),
(53, 187),
(53, 188),
(53, 189),
(53, 190),
(53, 191),
(53, 192),
(53, 193),
(53, 194),
(53, 195),
(53, 196),
(53, 197),
(53, 203),
(54, 113),
(54, 114),
(54, 115),
(54, 116),
(54, 117),
(54, 118),
(54, 119),
(54, 120),
(54, 121),
(54, 214),
(54, 218),
(54, 220),
(55, 10),
(55, 44),
(55, 89),
(55, 90),
(55, 92),
(55, 94),
(55, 95),
(55, 96),
(55, 97),
(55, 98),
(55, 99),
(55, 101),
(55, 102),
(55, 103),
(55, 107),
(55, 108),
(55, 112),
(55, 165),
(55, 169),
(55, 171),
(55, 173),
(55, 174),
(55, 177),
(55, 179),
(55, 214),
(55, 215),
(55, 218),
(55, 220),
(56, 12),
(56, 64),
(56, 113),
(56, 114),
(56, 115),
(56, 116),
(56, 117),
(56, 118),
(56, 119),
(56, 120),
(56, 121),
(56, 214),
(56, 218),
(56, 220),
(57, 180),
(57, 183),
(57, 184),
(58, 83),
(58, 84),
(58, 85),
(58, 86),
(58, 87),
(58, 88),
(59, 12),
(59, 58),
(59, 180),
(59, 182),
(59, 183),
(59, 184),
(59, 214),
(59, 218),
(59, 220),
(60, 10),
(60, 13),
(60, 14),
(60, 37),
(60, 39),
(60, 41),
(60, 44),
(60, 46),
(60, 49),
(60, 50),
(60, 51),
(60, 52),
(60, 53),
(60, 54),
(60, 55),
(60, 56),
(60, 57),
(60, 76),
(60, 77),
(60, 78),
(60, 79),
(60, 80),
(60, 81),
(60, 82),
(60, 89),
(60, 90),
(60, 92),
(60, 94),
(60, 96),
(60, 97),
(60, 98),
(60, 99),
(60, 101),
(60, 102),
(60, 103),
(60, 108),
(60, 112),
(60, 122),
(60, 123),
(60, 124),
(60, 126),
(60, 127),
(60, 129),
(60, 131),
(60, 132),
(60, 133),
(60, 134),
(60, 135),
(60, 136),
(60, 137),
(60, 138),
(60, 139),
(60, 140),
(60, 141),
(60, 142),
(60, 143),
(60, 144),
(60, 145),
(60, 146),
(60, 147),
(60, 149),
(60, 150),
(60, 151),
(60, 156),
(60, 158),
(60, 162),
(60, 164),
(60, 180),
(60, 182),
(60, 183),
(60, 184),
(60, 214),
(60, 215),
(60, 219),
(61, 165),
(61, 167),
(61, 168),
(61, 169),
(61, 176),
(61, 177),
(61, 179),
(61, 214),
(61, 215),
(62, 210),
(62, 211),
(62, 212),
(62, 213),
(63, 10),
(63, 12),
(63, 13),
(63, 37),
(63, 43),
(63, 49),
(63, 58),
(63, 64),
(63, 73),
(63, 113),
(63, 116),
(63, 145),
(63, 149),
(63, 151),
(63, 162),
(63, 180),
(63, 183),
(63, 184),
(63, 198),
(63, 214),
(63, 220),
(64, 165),
(65, 10),
(65, 37),
(65, 113),
(65, 114),
(65, 115),
(65, 116),
(65, 117),
(65, 118),
(65, 119),
(65, 120),
(65, 121),
(65, 180),
(65, 182),
(65, 183),
(65, 184),
(65, 214),
(65, 218),
(65, 220),
(66, 145),
(66, 146),
(66, 147),
(66, 148),
(66, 149),
(66, 150),
(66, 151),
(66, 152),
(66, 153),
(66, 154),
(66, 155),
(66, 156),
(66, 157),
(66, 158),
(66, 159),
(66, 160),
(66, 161),
(66, 162),
(66, 163),
(66, 164),
(67, 10),
(67, 12),
(67, 37),
(67, 62),
(67, 122),
(67, 127),
(68, 10),
(68, 43),
(68, 214),
(68, 217),
(69, 198),
(69, 206),
(70, 12),
(70, 64),
(70, 113),
(70, 114),
(70, 115),
(70, 116),
(70, 117),
(70, 118),
(70, 119),
(70, 120),
(70, 121),
(71, 12),
(71, 64),
(71, 113),
(71, 114),
(71, 115),
(71, 116),
(71, 117),
(71, 118),
(71, 119),
(71, 120),
(71, 121),
(72, 113),
(72, 114),
(72, 115),
(72, 116),
(72, 117),
(72, 118),
(72, 119),
(72, 120),
(72, 121),
(72, 214),
(72, 218),
(72, 220),
(73, 58),
(73, 122),
(73, 127),
(73, 128),
(73, 131),
(73, 132),
(73, 180),
(73, 182),
(73, 185),
(73, 190),
(74, 12),
(74, 64),
(74, 180),
(74, 182),
(74, 183),
(74, 184),
(75, 180),
(75, 182),
(75, 183),
(75, 184),
(76, 10),
(76, 12),
(76, 14),
(76, 49),
(76, 58),
(76, 64),
(76, 73),
(76, 113),
(76, 116),
(76, 122),
(76, 126),
(76, 127),
(76, 128),
(76, 131),
(76, 180),
(76, 182),
(76, 183),
(76, 184),
(76, 198),
(76, 214),
(76, 219),
(76, 220),
(77, 210),
(77, 211),
(77, 212),
(77, 213),
(78, 10),
(78, 12),
(78, 13),
(78, 14),
(78, 37),
(78, 49),
(78, 51),
(78, 62),
(78, 64),
(78, 73),
(78, 113),
(78, 122),
(78, 127),
(78, 132),
(78, 145),
(78, 149),
(78, 151),
(78, 162),
(78, 165),
(78, 168),
(78, 180),
(78, 182),
(78, 183),
(78, 184),
(78, 185),
(78, 190),
(78, 198),
(78, 214),
(78, 217),
(78, 218),
(78, 219),
(78, 220);

-- --------------------------------------------------------

--
-- Table structure for table `crrd_businesses`
--

CREATE TABLE IF NOT EXISTS `crrd_businesses` (
  `id` int(11) NOT NULL,
  `name` varchar(50) NOT NULL,
  `phone` varchar(25) NOT NULL,
  `website` varchar(100) NOT NULL,
  `address` varchar(50) NOT NULL,
  `address2` varchar(50) NOT NULL,
  `city` varchar(50) NOT NULL,
  `state` varchar(25) NOT NULL,
  `zip` varchar(25) NOT NULL,
  `latitude` varchar(50) NOT NULL,
  `longitude` varchar(50) NOT NULL,
  `hours` varchar(50) NOT NULL,
  `reuse` tinyint(1) NOT NULL,
  `repair` tinyint(1) NOT NULL,
  `notes` varchar(255) NOT NULL
) ENGINE=InnoDB AUTO_INCREMENT=86 DEFAULT CHARSET=latin1;

--
-- Dumping data for table `crrd_businesses`
--

INSERT INTO `crrd_businesses` (`id`, `name`, `phone`, `website`, `address`, `address2`, `city`, `state`, `zip`, `latitude`, `longitude`, `hours`, `reuse`, `repair`, `notes`) VALUES
(3, 'Cell Phone Sick Bay', '(541) 230-1785', '', '252 SW Madison Ave', 'Suite 110', 'Corvallis', 'OR', '97333', '44.563208967447', '-123.26092936099', '', 0, 1, 'Cell phones and tablets'),
(6, 'Book Binding', '(541) 757-9661', 'http://www.cornerstoneassociates.com/bj-bookbinding-about-us.html', '108 SW 3rd St', '', 'Corvallis', 'OR', '97333', '44.564197361469', '-123.26107487082', '', 0, 1, 'Rebind and restore books'),
(7, 'Geeks ''N'' Nerds', '(541) 753-0018', 'http://www.computergeeksnnerds.com/', '950 Southeast Geary St', 'Unit D', 'Albany', 'OR', '97321', '44.632705688477', '-123.08404541016', '', 0, 1, 'Repair computers of all kinds and cell phones; in-home repair available'),
(8, 'Specialty Sewing by Leslie', '(541) 758-4556', 'http://www.specialtysewing.com/Leslie_Seamstress/Welcome.html', '225 SW Madison Ave', '', 'Corvallis', 'OR', '97333', '44.563237801194', '-123.26068125665', '', 0, 1, 'Alterations and custom work'),
(9, 'Corvallis Technical', '(541) 704-7009', 'http://www.corvallistechnical.com/', '966 NW Circle Blvd', '', 'Corvallis', 'OR', '97330', '44.588085174561', '-123.25887298584', '', 0, 1, 'Repair computers and laptops'),
(10, 'Bellevue Computers', '(541) 757-3487', 'http://www.bellevuepc.com/', '1865 NW 9th St', '', 'Corvallis', 'OR', '97330', '44.58635173738', '-123.25621001422', '', 0, 1, 'Repair computers and laptops'),
(11, 'OSU Repair Fair', '(541) 737-5398', 'http://fa.oregonstate.edu/surplus', '644 S.W. 13th St', 'Oregon State University Property Services Building', 'Corvallis', 'OR', '97333', '44.561405181885', '-123.27258300781', '', 0, 1, 'Occurs twice per quarter in the evenings'),
(12, 'P.K. Furniture Repair & Refinishing', '(541) 230-1727', 'http://www.pkfurniturerefinishing.net/', '5270 NW Hwy 99', '', 'Corvallis', 'OR', '97330', '44.625181406736', '-123.24232757092', '', 0, 1, 'Complete Restoration, Complete Refinishing, Modifications, Custom Color Matching, Furniture Stripping, Chair Press Caning, Repairs'),
(13, 'Furniture Restoration Center', '(541) 929-6681', 'http://restorationsupplies.com/', '1321 Main St', '', 'Philomath', 'OR', '97370', '44.540156051517', '-123.36741439998', '', 0, 1, 'Restores all types of furniture and has hardware for doing it yourself'),
(14, 'Power Equipment', '(541) 757-8075', 'https://corvallispowerequipment.stihldealer.net/', '713 NE Circle Blvd', '', 'Corvallis', 'OR', '97330', '44.588935375214', '-123.25012676418', '', 0, 1, 'lawn and garden equipment, chain saws  (Stihl, Honda, Shindiawh), hand held equipment'),
(15, 'Robnett''s', '(541) 753-5531', 'http://ww3.truevalue.com/robnetts/Home.aspx', '400 SW 2nd St', '', 'Corvallis', 'OR', '97333', '44.561031341553', '-123.26177215576', '', 0, 1, 'Reel mowers - adjustment and sharpening; screen repair for windows and doors'),
(16, 'Footwise', '(541) 757-0875', 'http://footwise.com/', '301 SW Madison Ave', '#100', 'Corvallis', 'OR', '97333', '44.563479200006', '-123.26157979667', '', 0, 1, 'Sandals - resoles Berkenstock'),
(17, 'Sedlack', '(541) 752-1498', 'http://www.sedlaksshoes.net/', '225 SW 2nd St', '', 'Corvallis', 'OR', '97333', '44.562775790691', '-123.26045259833', '', 0, 1, 'full resoles, elastic and velcros, sewing and patching, leather patches, zippers, half soles and heels'),
(18, 'Foam Man', '(541) 754-9378', 'http://www.thefoammancorvallis.com/', '2511 NW 9th St', '', 'Corvallis', 'OR', '97330', '44.593280553818', '-123.25233958662', '', 0, 1, 'Replacement foam cusions for chairs and couches; upholstery'),
(19, 'Vintage House Parts', '(541)-740-9513', '', '135 N 13th St', '', 'Philomath', 'OR', '97370', '44.540532231331', '-123.36775906384', '', 1, 0, ''),
(20, 'Arc Thrift Stores', '', '', '928 NW Beca Ave', '', 'Corvallis', 'OR', '97330', '44.578191787004', '-123.26132632792', '', 1, 0, ''),
(21, 'Beekman Place Antique Mall', '', '', '601 SW Western Blvd', '', 'Corvallis', 'OR', '97333', '44.560359120369', '-123.266928792', '', 1, 0, ''),
(22, 'Benton County Extension / 4-H Activities', '(541) 766-6750', '', '1849 NW 9th', '', 'Corvallis', 'OR', '97330', '', '', '', 1, 0, ''),
(23, 'Benton County Master Gardeners', '(541) 766-6750', '', '1849 NW 9th St.', '', 'Corvallis', 'OR', '97330', '', '', '', 1, 0, ''),
(24, 'Book Bin and Browser''s Bookstore', '', '', '215 SW 4th St', '', 'Corvallis', 'OR', '97333', '', '', '', 1, 0, ''),
(25, 'Boys & Girls Club of Corvallis', '(541) 757-1909', '', '1112 NW Circle Blvd', '', 'Corvallis', 'OR', '97330', '44.588677212596', '-123.26407626271', '', 1, 0, ''),
(26, 'Center Against Rape & Domestic Violence', '(541) 758-0219', '', '4786 SW Philomath Blvd', '', 'Corvallis', 'OR', '97333', '44.552947506309', '-123.30515228212', '', 1, 0, ''),
(27, 'Career Closet for Women', '(541) 752-4214', '', '942 NW 9th, Ste.A', '', 'Corvallis', 'OR', '97330', '44.574321', '-123.263404', '', 1, 0, ''),
(28, 'CASA - Voices for Children', '(541) 753-5838', '', '129 NW 4th St', '', 'Corvaliis', 'OR', '97330', '', '', '', 1, 0, ''),
(29, 'Children''s Farm Home', '(541) 757-1852', '', '4455 NE Hwy 20', '', 'Corvallis', 'OR', '97330', '44.604305267334', '-123.21385955811', '', 1, 0, ''),
(30, 'Chintimini Wildlife Rehabilitation Ctr', '(541) 745-5324', '', '311 Lewisburg Rd', '', 'Corvallis', 'OR', '97330', '44.630981445312', '-123.24715423584', '', 1, 0, ''),
(31, 'Community Outreach - Homeless Shelter', '(541) 758-3000', '', '865 NW Reiman Avenue', '', 'Corvallis', 'OR', '97333', '', '', '', 1, 0, ''),
(32, 'Corvallis Bicycle Collective', '(541) 224-6885', '', '33900 SE Roche Ln', '', 'Corvallis', 'OR', '97333', '44.560127258301', '-123.25534820557', '', 1, 0, ''),
(33, 'Corvallis Environmental Center', '(541) 753-9211', '', '214 SW Monroe Ave', '', 'Corvallis', 'OR', '97333', '', '', '', 1, 0, ''),
(34, 'Corvallis Furniture', '(541) 286-4658', '', '1810 SW 3rd St', '', 'Corvallis', 'OR', '97333', '', '', '', 1, 0, ''),
(35, 'Cosmic Chameleon', '(541) 752-9001', '', '138 SW 2nd St', '', 'Corvallis', 'OR', '97333', '', '', '', 1, 0, ''),
(36, 'First Alternative Co-op Recycling Center', '(541) 753-3115', '', '1007 SE 3rd St', '', 'Corvallis', 'OR', '97333', '', '', '', 1, 0, ''),
(37, 'First Alternative Co-op Stores', '', '', '1007 SE 3rd St', '', 'Corvallis', 'OR', '97333', '44.553810119629', '-123.26457214355', '', 1, 0, 'Various locations along NW Grant & SE 3rd'),
(38, 'Furniture Exchange', '(541) 833-0183', '', '210 NE 2nd St', '', 'Corvallis', 'OR', '97339', '', '', '', 1, 0, ''),
(39, 'Furniture Share', '(541) 754-9511', '', '155 SE Lilly Ave', '', 'Corvallis', 'OR', '97333', '44.548519134521', '-123.26477813721', '', 1, 0, 'formerly Benton FS'),
(40, 'Goodwill Industries', '(541) 752-8278', '', '1325 NW 9th St', '', 'Corvallis', 'OR', '97330', '44.578262329102', '-123.25963592529', '', 1, 0, ''),
(41, 'Grace Center for Adult Day Services', '(541) 754-8417', '', '980 NW Spruce', '', 'Corvallis', 'OR', '97330', '', '', '', 1, 0, ''),
(42, 'Habitat for Humanity ReStore', '(541) 752-6637', '', '4840 SW Philomath Blvd', '', 'Corvallis', 'OR', '97333', '44.552032470703', '-123.30587768555', '', 1, 0, ''),
(43, 'Happy Trails Records, Tapes & CDs', '(541) 752-9032', '', '100 SW 3rd St', '', 'Corvallis', 'OR', '97333', '44.564256370068', '-123.26104536653', '', 1, 0, ''),
(44, 'Heartland Humane Society', '(541) 757-9000', '', '398 SW Twin Oaks Cir', '', 'Corvallis', 'OR', '97333', '44.553157806396', '-123.26878356934', '', 1, 0, ''),
(45, 'Heartland Humane Society Thrift Shop', '(541) 757-0573', '', '411 SW 3rd St', '', 'Corvallis', 'OR', '97333', '44.5611718297', '-123.26249442995', '', 1, 0, ''),
(46, 'Home Grown Gardens', '(541) 758-2137', '', '4845 SE 3rd St', '', 'Corvallis', 'OR', '97333', '44.51180267334', '-123.26898193359', '', 1, 0, ''),
(47, 'Home Life Inc', '(541) 753-9015', '', '2068 NW Fillmore', '', 'Corvallis', 'OR', '97330', '44.575428441167', '-123.27605299652', '', 1, 0, 'for develop. disabled'),
(48, 'Jackson Street Youth Shelter', '(541) 754-2404', '', '555 NW Jackson St', '', 'Corvallis', 'OR', '97330', '44.566272735596', '-123.26304626465', '', 1, 0, ''),
(49, 'Linn Benton Food Share', '', '', '545 SW 2nd St.', '', 'Corvallis', 'OR', '97330', '', '', '', 1, 0, 'large food donations'),
(50, 'Lions Club', '(541) 758-0222', '', '1400 NW 9th St', '', 'Corvallis', 'OR', '97330', '', '', '', 1, 0, 'box inside Elks Lodge'),
(51, 'Love INC', '(541) 757-8111', '', '2330 NW Professional Dr', '', 'Corvallis', 'OR', '97330', '44.589988708496', '-123.27799987793', '', 1, 0, 'for low income citizens'),
(52, 'Mario Pastega House', '(541) 768-4650', '', '3505 NW Samaritan Dr', '', 'Corvallis', 'OR', '97330', '44.603978544474', '-123.25012676418', '', 1, 0, 'Good Sam patient family housing'),
(53, 'Mary''s River Gleaners', '(541) 497-9019', '', 'Mary''s River Gleaners', '', 'Corvallis', 'OR', '97333', '', '', '', 1, 0, ''),
(54, 'Mia Bella in the Little Red House', '(541) 231-8105', '', '114 NW 15th St', '', 'Corvallis', 'OR', '97330', '44.567700326443', '-123.27309250832', '', 1, 0, ''),
(55, 'Midway Farms', '(541) 740-6141', '', '6980 NW Hwy 20', '', 'Albany', 'OR', '97321', '44.636898040771', '-123.17823791504', '', 1, 0, ''),
(56, 'Mother Goose Resale', '(541) 753-6903', '', '260 NW 1st St', '', 'Corvallis', 'OR', '97330', '44.565400332212', '-123.25802184641', '', 1, 0, ''),
(57, 'Neighbor to Neighbor', '(541) 929-6614', '', '1123 Main, Philomath', '', 'Corvallis', 'OR', '97370', '', '', '', 1, 0, 'food pantry'),
(58, 'Osborn Aquatic Center', '(541) 766-7946', '', '1940 NW Highland Dr', '', 'Corvallis', 'OR', '97330', '', '', '', 1, 0, ''),
(59, 'OSU Emergency Food Pantry', '(541) 737-3747', '', 'Snell Hall, Oregon State University, 2150 SW Jeffe', '', 'Corvallis', 'OR', '97331', '', '', '', 1, 0, ''),
(60, 'OSU Folk Club Thrift Shop', '', '', '144 NW 2nd St', '', 'Corvallis', 'OR', '97330', '', '', '', 1, 0, ''),
(61, 'OSU Organic Growers Club', '(541) 979-5833', '', '109 Crop Science Building Oregon State University', '', 'Corvallis', 'OR', '97331', '', '', '', 1, 0, 'Crop & Soil Science Dep''t'),
(62, 'Pak Mail', '(541) 754-8411', '', '2397 NW Kings Blvd', '', 'Corvallis', 'OR', '97330', '44.590747877955', '-123.27599197626', '', 1, 0, ''),
(63, 'Parent Enhancement Program', '(541) 758-8292', '', '421 NW 4th St', '', 'Corvallis', 'OR', '97330', '', '', '', 1, 0, ''),
(64, 'Philomath Community Garden', '(541) 929-3524', '', '360 S 9th St', '', 'Philomath', 'OR', '97370', '44.53768157959', '-123.37474060059', '', 1, 0, 'Chris Shonnard'),
(65, 'Philomath Community Srvcs', '(541) 929-2499', '', '360 S 9th', '', 'Philomath', 'OR', '97370', '', '', '', 1, 0, 'food & kids stuff'),
(66, 'Play It Again Sports', '(541) 754-7529', '', '1422 NW 9th St', '', 'Corvallis', 'OR', '97330', '44.580749511719', '-123.26006317139', '', 1, 0, ''),
(67, 'Public Library Corvallis, Friends of', '(541) 766-6928', '', '645 NW Monroe Ave', '', 'Corvallis', 'OR', '97330', '44.565635681152', '-123.26441955566', '', 1, 0, ''),
(68, 'Quilts From Caring Hands', '(541) 758-8161', '', '1495 NW 20th St', '', 'Corvallis', 'OR', '97330', '', '', '', 1, 0, 'cotton quilts'),
(69, 'Rapid Refill Ink', '(541) 758-8444', '', '254 SW Madison', '', 'Corvallis', 'OR', '97333', '44.563212320209', '-123.26094411314', '', 1, 0, ''),
(70, 're•volve', '(541) 754-1154', '', '103 SW 2nd St', '', 'Corvallis', 'OR', '97333', '', '', '', 1, 0, 'women''s resale boutique'),
(71, 'Round-About Boutique', '(541) 230-1482', '', '264 SW Madison Ave', '', 'Corvallis', 'OR', '97333', '', '', '', 1, 0, ''),
(72, 'Second Glance/Annex/The Alley', '', '', '214 SW Jefferson Ave', '', 'Corvallis', 'OR', '97333', '44.56213876605', '-123.26117344201', '', 1, 0, ''),
(73, 'Senior Center, Corvallis', '(541) 766-6959', '', '2601 NW Tyler Ave', '', 'Corvallis', 'OR', '97330', '44.573223114014', '-123.28006744385', '', 1, 0, ''),
(74, 'South Corvallis Food Bank', '(541) 753-4263', '', '1798 SW 3rd St', '', 'Corvallis', 'OR', '97333', '', '', '', 1, 0, ''),
(75, 'Stone Soup', '(541) 757-1988', '', '501 NW 25th St', '', 'Corvallis', 'OR', '97330', '44.573169708252', '-123.27836608887', '', 1, 0, 'St Mary''s Church'),
(76, 'Stone Soup &St Vincent de Paul Thrift/Pantry', '(541) 757-1988', '', '501 NW 25th Street', '', 'Corvallis', 'OR', '97330', '44.573169708252', '-123.27836608887', '', 1, 0, 'next to St Mary''s Church'),
(77, 'UPS Stores', '', '', '922 NW CIRCLE BLVD', '', 'Corvallis', 'OR', '97333', '', '', '', 1, 0, ''),
(78, 'Vina Moses', '(541) 753-1420', '', '968 NW Garfield', '', 'Corvallis', 'OR', '97330', '', '', '', 1, 0, 'for low income citizens');

-- --------------------------------------------------------

--
-- Table structure for table `crrd_categories`
--

CREATE TABLE IF NOT EXISTS `crrd_categories` (
  `id` int(11) NOT NULL,
  `name` varchar(50) NOT NULL,
  `parent_id` int(11) DEFAULT NULL
) ENGINE=InnoDB AUTO_INCREMENT=236 DEFAULT CHARSET=latin1;

--
-- Dumping data for table `crrd_categories`
--

INSERT INTO `crrd_categories` (`id`, `name`, `parent_id`) VALUES
(1, 'Repair Items', NULL),
(2, 'Cell Phones', 1),
(3, 'Small Appliances', 1),
(4, 'Books', 1),
(10, 'Household', NULL),
(12, 'Children''s Goods', NULL),
(13, 'Arts and Crafts', 10),
(14, 'Appliances - Small', NULL),
(27, 'Clothes', 1),
(28, 'Computers', 1),
(29, 'Furniture', 1),
(30, 'Lawn Equipment', 1),
(33, 'Screen Repair', 1),
(34, 'Footwear', 1),
(35, 'Upholstery', 1),
(36, 'Barbeque Grills', 10),
(37, 'Books', 10),
(38, 'Canning Jars', 10),
(39, 'Cleaning Supplies', 10),
(40, 'Clothes Hangers', 10),
(41, 'Cookware', 10),
(42, 'Dishes', 10),
(43, 'Fabric', 10),
(44, 'Food Storage Containers', 10),
(45, 'Furniture', 10),
(46, 'Luggage', 10),
(47, 'Mattresses', 10),
(48, 'Ornaments', 10),
(49, 'Toiletries', 10),
(50, 'Utensils', 10),
(51, 'Bedding/Bath', NULL),
(52, 'Blankets', 51),
(53, 'Comforters', 51),
(54, 'Linens', 51),
(55, 'Sheets', 51),
(56, 'Small Rugs', 51),
(57, 'Towels', 51),
(58, 'Arts and Crafts', 12),
(59, 'Baby Carriers', 12),
(60, 'Baby Gates', 12),
(61, 'Bike Trailers', 12),
(62, 'Books', 12),
(63, 'Child Car Seats', 12),
(64, 'Clothes', 12),
(65, 'Crayons', 12),
(66, 'Cribs', 12),
(67, 'Diapers', 12),
(68, 'High Chairs', 12),
(69, 'Maternity', 12),
(70, 'Musical Instruments', 12),
(71, 'Nursing Items', 12),
(72, 'Playpens', 12),
(73, 'School Supplies', 12),
(74, 'Strollers', 12),
(75, 'Toys', 12),
(76, 'Blenders', 14),
(77, 'Dehumidifiers', 14),
(78, 'Fans', 14),
(79, 'Microwaves', 14),
(80, 'Space Heaters', 14),
(81, 'Toasters', 14),
(82, 'Vacuum Cleaners', 14),
(83, 'Appliances - Large', NULL),
(84, 'Dishwashers', 83),
(85, 'Freezers', 83),
(86, 'Refrigerators', 83),
(87, 'Stoves', 83),
(88, 'Washers/Dryers', 83),
(89, 'Building/Home Improvement', NULL),
(90, 'Bricks', 89),
(91, 'Carpet Padding', 89),
(92, 'Carpets', 89),
(93, 'Ceramic Tiles', 89),
(94, 'Doors', 89),
(95, 'Drywall', 89),
(96, 'Electrical Supplies', 89),
(97, 'Hand tools', 89),
(98, 'Hardware', 89),
(99, 'Insulation', 89),
(100, 'Ladders', 89),
(101, 'Light fixtures', 89),
(102, 'Lighting ballasts', 89),
(103, 'Lumber', 89),
(104, 'Motors', 89),
(105, 'Paint', 89),
(106, 'Pipe', 89),
(107, 'Plumbing', 89),
(108, 'Power tools', 89),
(109, 'Reusable metal items', 89),
(110, 'Roofing', 89),
(111, 'Vinyl', 89),
(112, 'Windows', 89),
(113, 'Wearable Items', NULL),
(114, 'Belts', 113),
(115, 'Boots', 113),
(116, 'Clothes', 113),
(117, 'Coats', 113),
(118, 'Hats', 113),
(119, 'Rainwear', 113),
(120, 'Sandals', 113),
(121, 'Shoes', 113),
(122, 'Usable Electronics', NULL),
(123, 'Calculators', 122),
(124, 'Cameras', 122),
(125, 'Cassette Players', 122),
(126, 'Cd Players', 122),
(127, 'Cds', 122),
(128, 'Cell phones', 122),
(129, 'Computers', 122),
(130, 'Curling irons', 122),
(131, 'DVD players', 122),
(132, 'Game consoles', 122),
(133, 'GPS system', 122),
(134, 'Hair dryers', 122),
(135, 'Monitors', 122),
(136, 'MP3 players', 122),
(137, 'Printers', 122),
(138, 'Projectors', 122),
(139, 'Receivers', 122),
(140, 'Scanners', 122),
(141, 'Speakers', 122),
(142, 'Tablets', 122),
(143, 'Telephones', 122),
(144, 'TVs', 122),
(145, 'Sporting Equipment/Camping', NULL),
(146, 'Backpacks', 145),
(147, 'Balls', 145),
(148, 'Barbells', 145),
(149, 'Bicycles', 145),
(150, 'Bike Tires', 145),
(151, 'Camping Equipment', 145),
(152, 'Daypacks', 145),
(153, 'Dumbbells', 145),
(154, 'Exercise equipment', 145),
(155, 'Golf clubs', 145),
(156, 'Helmets', 145),
(157, 'Hiking boots', 145),
(158, 'Skateboards', 145),
(159, 'Skis', 145),
(160, 'Small boats', 145),
(161, 'Snowshoes', 145),
(162, 'Sporting Goods', 145),
(163, 'Tennis Rackets', 145),
(164, 'Tents', 145),
(165, 'Garden', NULL),
(166, 'Chain saws', 165),
(167, 'Fencing', 165),
(168, 'Garden Pots', 165),
(169, 'Garden Tools', 165),
(170, 'Hand Clippers', 165),
(171, 'Hoses', 165),
(172, 'Lawn Furniture', 165),
(173, 'Livestock Supplies', 165),
(174, 'Loppers', 165),
(175, 'Mowers', 165),
(176, 'Seeders', 165),
(177, 'Soil Amendment', 165),
(178, 'Sprinklers', 165),
(179, 'Wheel Barrows', 165),
(180, 'Food', NULL),
(181, 'Beverages', 180),
(182, 'Surplus Garden Produce', 180),
(183, 'Unopened Canned Goods', 180),
(184, 'Unopened Packaged Food', 180),
(185, 'Medical Supplies', NULL),
(186, 'Adult Diapers', 185),
(187, 'Blood Pressure Monitors', 185),
(188, 'Canes', 185),
(189, 'Crutches', 185),
(190, 'Eye Glasses', 185),
(191, 'Glucose Meters', 185),
(192, 'Hearing Aids', 185),
(193, 'Hospital Beds', 185),
(194, 'Reach Extenders', 185),
(195, 'Shower Chairs', 185),
(196, 'Walkers', 185),
(197, 'Wheelchairs', 185),
(198, 'Office Equipment', NULL),
(199, 'Calculators', 198),
(200, 'Computers', 198),
(201, 'Fax Machines', 198),
(202, 'Headsets', 198),
(203, 'Monitors', 185),
(204, 'Office Furniture', 198),
(205, 'Paper Shredders', 198),
(206, 'Printer Cartridge Refilling', 198),
(207, 'Printers', 198),
(208, 'Scanners', 198),
(209, 'Telephones', 198),
(210, 'Packing Materials', NULL),
(211, 'Bubble Wrap', 210),
(212, 'Clean Foam Peanuts', 210),
(213, 'Foam Sheets', 210),
(214, 'Miscellaneous', NULL),
(215, 'Egg Cartons', 214),
(216, 'Firewood', 214),
(217, 'Fabric', 214),
(218, 'Paper Bags', 214),
(219, 'Pet Supplies', 214),
(220, 'Shopping Bags', 214),
(221, 'Vehicles/Parts', 214),
(222, 'Computer Paper', 214),
(223, 'Reusable Metal items', 214),
(224, 'Lawn Power Equipment', 1),
(225, 'Outdoor Gear', 1),
(226, 'Lamps', 1),
(227, 'Sandals', 1),
(228, 'Shoes/Boots', 1),
(229, 'Upholstery Car', 1),
(230, 'Upholstery Furniture', 1);

-- --------------------------------------------------------

--
-- Table structure for table `users`
--

CREATE TABLE IF NOT EXISTS `users` (
  `user_id` int(11) NOT NULL COMMENT 'auto incrementing user_id of each user, unique index',
  `user_name` varchar(64) COLLATE utf8_unicode_ci NOT NULL COMMENT 'user''s name, unique',
  `user_password_hash` varchar(255) COLLATE utf8_unicode_ci NOT NULL COMMENT 'user''s password in salted and hashed format',
  `user_email` varchar(64) COLLATE utf8_unicode_ci NOT NULL COMMENT 'user''s email, unique',
  `user_active` tinyint(1) NOT NULL DEFAULT '0' COMMENT 'user''s activation status',
  `user_activation_hash` varchar(40) COLLATE utf8_unicode_ci DEFAULT NULL COMMENT 'user''s email verification hash string',
  `user_password_reset_hash` char(40) COLLATE utf8_unicode_ci DEFAULT NULL COMMENT 'user''s password reset code',
  `user_password_reset_timestamp` bigint(20) DEFAULT NULL COMMENT 'timestamp of the password reset request',
  `user_rememberme_token` varchar(64) COLLATE utf8_unicode_ci DEFAULT NULL COMMENT 'user''s remember-me cookie token',
  `user_failed_logins` tinyint(1) NOT NULL DEFAULT '0' COMMENT 'user''s failed login attemps',
  `user_last_failed_login` int(10) DEFAULT NULL COMMENT 'unix timestamp of last failed login attempt',
  `user_registration_datetime` datetime NOT NULL DEFAULT '0000-00-00 00:00:00',
  `user_registration_ip` varchar(39) COLLATE utf8_unicode_ci NOT NULL DEFAULT '0.0.0.0',
  `user_type` tinyint(1) NOT NULL
) ENGINE=MyISAM AUTO_INCREMENT=10 DEFAULT CHARSET=utf8 COLLATE=utf8_unicode_ci COMMENT='user data';

--
-- Dumping data for table `users`
--

INSERT INTO `users` (`user_id`, `user_name`, `user_password_hash`, `user_email`, `user_active`, `user_activation_hash`, `user_password_reset_hash`, `user_password_reset_timestamp`, `user_rememberme_token`, `user_failed_logins`, `user_last_failed_login`, `user_registration_datetime`, `user_registration_ip`, `user_type`) VALUES
(1, 'admin', '$2y$10$n6GjrOJlDPz7UbMMingOWOCQY.bJcGMgTu8iSbPZMs997SxhBDLfC', 'admin@example.com', 1, NULL, NULL, NULL, NULL, 0, NULL, '2015-05-12 16:08:36', '97.83.25.35', 1),
(2, 'user1', '$2y$10$413TraD9AYXRwNgwFjf7o.rRX2Sm532kQwNXjaHTl3emGqthocu.W', 'test@example.com', 1, '', NULL, NULL, NULL, 0, NULL, '0000-00-00 00:00:00', '0.0.0.0', 0);

--
-- Indexes for dumped tables
--

--
-- Indexes for table `crrd_business_categories`
--
ALTER TABLE `crrd_business_categories`
  ADD PRIMARY KEY (`business_id`,`cat_id`),
  ADD KEY `cat_id` (`cat_id`);

--
-- Indexes for table `crrd_businesses`
--
ALTER TABLE `crrd_businesses`
  ADD PRIMARY KEY (`id`);

--
-- Indexes for table `crrd_categories`
--
ALTER TABLE `crrd_categories`
  ADD PRIMARY KEY (`id`),
  ADD KEY `parent_id` (`parent_id`);

--
-- Indexes for table `users`
--
ALTER TABLE `users`
  ADD PRIMARY KEY (`user_id`),
  ADD UNIQUE KEY `user_name` (`user_name`),
  ADD UNIQUE KEY `user_email` (`user_email`);

--
-- AUTO_INCREMENT for dumped tables
--

--
-- AUTO_INCREMENT for table `crrd_businesses`
--
ALTER TABLE `crrd_businesses`
  MODIFY `id` int(11) NOT NULL AUTO_INCREMENT,AUTO_INCREMENT=86;
--
-- AUTO_INCREMENT for table `crrd_categories`
--
ALTER TABLE `crrd_categories`
  MODIFY `id` int(11) NOT NULL AUTO_INCREMENT,AUTO_INCREMENT=236;
--
-- AUTO_INCREMENT for table `users`
--
ALTER TABLE `users`
  MODIFY `user_id` int(11) NOT NULL AUTO_INCREMENT COMMENT 'auto incrementing user_id of each user, unique index',AUTO_INCREMENT=10;
--
-- Constraints for dumped tables
--

--
-- Constraints for table `crrd_business_categories`
--
ALTER TABLE `crrd_business_categories`
  ADD CONSTRAINT `crrd_business_categories_ibfk_1` FOREIGN KEY (`business_id`) REFERENCES `crrd_businesses` (`id`) ON DELETE CASCADE,
  ADD CONSTRAINT `crrd_business_categories_ibfk_2` FOREIGN KEY (`cat_id`) REFERENCES `crrd_categories` (`id`) ON DELETE CASCADE;

--
-- Constraints for table `crrd_categories`
--
ALTER TABLE `crrd_categories`
  ADD CONSTRAINT `crrd_categories_ibfk_1` FOREIGN KEY (`parent_id`) REFERENCES `crrd_categories` (`id`);

/*!40101 SET CHARACTER_SET_CLIENT=@OLD_CHARACTER_SET_CLIENT */;
/*!40101 SET CHARACTER_SET_RESULTS=@OLD_CHARACTER_SET_RESULTS */;
/*!40101 SET COLLATION_CONNECTION=@OLD_COLLATION_CONNECTION */;
